{
  "HOMO": 264,
  "LUMO": 265,
  "HOMO_energy": -4.7949181596605,
  "LUMO_energy": -1.8881980086194998,
  "gap": 2.906720151041
}